4.806335203543617,3.7371748632271222
-3.002545453925407,1.925468653477603
-0.5358814398054119,4.977610481653692
-5.578145729519177,3.2336944914509953
2.387876720452941,3.2680046405707306
-4.649897885011188,2.1672383169661864
-4.117769668238213,1.083686358557501
3.1373258349839706,1.6052383071328835
2.3852781067427093,2.663994606781872
0.11942478802261736,2.947453789255607
-1.065901855340912,3.8692480556662074
-6.038432017572305,1.2986809655608766
1.0946806132547002,6.279314472922093
0.9026770500067622,4.571552711641259
-5.19056649325808,0.927632399594732
-5.84667554048338,0.7518310410644107
1.1400543477860254,3.775956109766718
1.2297968745232026,4.4262554285686
2.0858192857935864,5.328933466233541
3.924321015949603,1.6434615408744349
-4.9709190335172755,0.40293661386010493
0.5516791859818856,2.65034911929858
3.8249393988840517,2.5083381806320215
3.0634431748456237,1.899433544561184
-2.5742501897617025,4.145606127948495
4.759077165701052,3.0221967152363423
3.4231894159298495,1.969671509008572
-3.418203085330043,1.4212666603270365
3.4452424819034824,3.205827640153342
-5.190769691159999,1.860317834736798
-3.344751613683557,2.3410552481043094
-2.767591967044255,1.5666762832769967
5.607585131281288,3.6537858109363732
-3.742606330987475,1.544774375529104
1.2125250448182165,3.0173627688114215
0.9962577049879132,4.153813175385803
-6.694237767362002,1.5170387877284144
0.516287568545563,3.67514858685961
-5.445145206951258,4.434619398405584
-4.242270719430602,1.3939504360601624
2.9478118307287104,3.272020604182693
2.212138432647852,2.9576329452309507
-6.536136719741031,3.0761759363467407
-0.9048606233513541,3.8654799803400115
-4.436818777258275,1.6335646694355799
-5.568608178387909,1.7142723858803592
-4.668550067465461,1.0786759141439164
-4.1353019419400985,3.6455432088695234
1.1533848989996927,4.052211289171625
-4.227368978235487,1.4005645229641424
-5.243155414918718,2.685899061324861
-3.9030144860269904,1.681181478597252
-5.5711450375438964,2.3304896628389438
3.5392816996707217,2.4107407217584993
1.7229305296013107,4.228690169770683
3.3379126815494273,2.612536465219703
2.7033417269315967,2.2696086162077
-5.031099332997291,2.3883342546612805
-5.824880872660416,2.770162474972026
2.2249129626491477,3.7155761107243515
1.2337402413553644,3.0753213157284796
1.4228804648027027,3.832029977342005
-2.6333137914147837,0.9701992063866972
-4.666744938448589,1.2417083233754131
0.13777491086300842,3.0530987031833585
0.7754949584023499,5.9870388913371695
-3.1479577227894513,1.2884125961490038
2.746202096813657,3.129772655825699
1.7064926344990512,5.799342714221858
3.1610451183669497,2.7734124499188946
5.5705431806273324,3.241862564432667
1.0999657305508677,3.584255321412006
0.12777664701930436,4.066630626436798
0.5836934951139503,4.1307684859269855
-4.0470301039119,2.304400821142665
3.500362112316956,4.687935034807571
2.8357053539329713,4.655885195755424
0.1243529697903426,3.122033888361785
-4.427189826561145,2.290141987697326
1.8141743573828335,6.0369752806223484
5.404183016805015,3.7596505383260346
4.342133123242048,3.6530295067543257
-6.675689179751156,1.3354291163915484
-5.329048334079431,1.6307183062128239
-3.7231176607253436,1.5026801870562165
-5.84638197795769,0.4534819542495301
2.8685010039256085,5.558840419919905
-3.519979748722979,1.0761665434567864
1.9021730394617449,5.949059171263152
-4.8849127172079205,2.666635134313649
1.7384018276619275,5.458280925756858
-2.5977247780462367,1.981691875250044
3.7790387258023617,3.642607675349495
2.22875203248264,3.1151000073601502
5.071814273317831,4.511519116923054
-3.631325349982168,1.1512009158641092
1.5303344624007824,5.146510380067726
0.06926128261790321,4.736914168163223
4.96825815414069,3.2087107269566384
4.43107085679864,1.5327527663143647
-4.8175617204620975,0.7988981760476161
3.727427855579726,2.2109266841481103
5.955508296228498,1.5844264752450588
-2.4796783716174273,0.4764632292195341
2.6296094092508184,4.187006711499946
-4.3899641254739885,3.123477201887197
-5.017243477354157,1.8064726524677024
1.633621331468684,2.6422165122677086
2.4060812217064296,5.183924821130994
-0.2817580967227751,4.736912656916062
-5.012946609330944,4.808999623067338
4.523476773973224,4.902157573223211
-0.7290987624860976,2.5980141227732823
5.20255249986748,2.510933404520727
-5.393278252315352,2.465427954345456
3.9022980158311746,2.953742424642528
2.877119014369531,3.602255734211134
-0.6010770393622324,3.1209730610264113
-4.624412382519031,1.408743802341308
3.3782788447936833,1.2349296323223609
3.5091732264783353,2.0340189573718206
4.0462251492500405,3.4858978109608465
-0.5605405637729721,2.5604705306896287
-3.5223410331817924,2.422580015053608
-4.405521270662974,3.458072556108938
1.63302045706329,3.6667210702125734
0.9195004795208722,4.966623837752114
-5.214820018097738,2.1410419970274246
4.666719240310845,1.8937060710488922
0.5044495406703323,3.848663025852377
-5.033484409218631,1.665459576171962
0.07440692039214447,3.270826925325563
2.1643301093293394,3.1226140481749853
3.4488932185373624,2.9976057090744455
-4.597294224591902,2.8320906958307694
-5.346676801438984,1.551347581465266
-5.819351678168791,1.3670492276120472
3.6086954864956557,3.097099464793586
4.107823987296163,3.3454052627328723
1.2527089570401073,4.416722686321646
1.1466995397334878,5.892048922129913
0.6658759003909969,3.3868226041543865
-4.334756302980121,2.087254130467399
4.120055876330119,1.5114961593084257
3.6917529886529286,2.2578956759108464
-5.575976678857518,2.738287974456391
4.970225265463996,0.4665671025968505
3.7926956403115755,2.3589355328746686
-4.989392514113888,3.1750361474843807
2.716496146171861,4.575364543797107
-3.897280537886532,2.882536995911083
3.6476613917770915,3.3635065140020055
4.599395278207227,3.946132844735153
1.4083777288689658,2.4260365437873377
3.669965973592164,4.581261802766501
-6.184570225757871,0.5486603649528119
-5.209729728507278,0.6031350159724691
-5.7727542737260436,1.5341895568943502
1.5970085037940254,2.2201734132040647
3.349827008518201,1.5038927489397758
3.8609331387521735,1.9893293365832774
4.038405026649196,4.153516148006001
3.7692236451269374,4.080759377885829
2.290276837139875,2.727399958811911
2.182737409428166,2.982335371510958
3.843748048987479,2.0838340396386097
0.4944063680812286,5.551657856695832
-4.924507564962667,2.2751405295220914
-3.796213390976832,2.318116069931606
-5.823811685490736,2.107478713453258
-3.0368616895024267,2.726413106305322
3.474974613490042,3.9399428654116626
-3.411675932460808,1.1896897162449387
-3.6109555512883285,2.6302226487174423
0.6496281817230497,3.7295113873114683
-3.8509532908834427,1.5977963778776547
3.2940378724438597,2.499363043297012
-6.041173460361539,0.5124931355318543
0.6418382534599412,4.436881505995798
5.760437903873771,3.3809378463582367
1.2109213499847202,2.840610738996714
4.369011110270725,3.299080599528172
-3.4437796469872164,2.9328154990697586
-3.4074161266148892,2.6383816523821375
3.7092364228359123,3.930655012697412
0.6879394950641217,4.333449973837488
-5.294897737848455,1.1141925462835922
0.5845326632484578,5.166505176264937
4.5757361647385135,3.362671589326568
3.6087804930315466,2.6118085095990056
3.9758241790645386,4.283477243486265
-4.975039049714908,1.558660061741636
0.1590695974463504,6.098850140006856
4.607023592491739,2.1935112074600456
0.7722906394354377,5.533323718358815
-4.883724166915883,2.601639511553143
0.7170067232061923,4.371199803963734
-3.6037413700065626,1.3743803806532995
3.8125076028827194,3.0303902297683263
-4.248832633352835,3.065608734946438
-0.21241695199562738,4.414736331240346
2.1328038583421476,3.585671900479924
0.4946757012622713,4.000039080676526
2.3227859067798127,4.245969506250605
5.472319248601559,4.277822402141082
-4.63134609999695,1.228872335597083
1.21854360798813,4.214772874309743
-2.508853429953067,1.442218226483428
2.1115861924573864,2.683418977387252
0.22122139511432115,3.986157538045507
3.132700441298672,3.5970626348630836
0.18968382106327464,4.372675586284089
1.026858483161417,5.315597133344951
0.652610745691978,2.400882401129988
5.307026683748763,3.15616605959802
-4.389855319539702,4.42920562184046
2.186146234003002,4.626365452219798
-4.04968032860834,0.7595864944702364
-4.28440510696358,0.29452771845571957
4.626084824150689,4.035885320332111
1.3183343857050605,3.5331855480588605
4.1725728185349364,3.3551744481870895
3.0128575895069996,3.432697428283725
-5.803983224507227,1.058289445044621
-6.438546615944589,1.2146936511244686
-5.378655252084248,3.1887670758532582
1.138320587940355,4.738557236391069
3.21763801039112,4.534328807770626
-6.390524266460025,2.1602457093145175
0.32612221388704077,3.978645839352712
4.413584638319986,4.666129491947487
-5.433450249267967,2.9282701884101034
4.035057695701557,2.5735844603562854
5.2698117320166284,4.27089133654987
-4.092446541287207,0.9128725797522224
0.1130561275573514,5.821921831772363
-4.367630160193494,1.2733717523575085
1.1799051649933545,4.357553263066063
0.6379692446564404,3.8471065677842895
4.310424494335143,2.21205851396987
-5.137636826326464,1.1971670862009307
3.8509171132074758,3.1651995552402727
4.821908091063923,3.4112435750074335
-3.6515424618998913,2.4767177648713368
0.8925393522261681,2.8877078107632776
0.705752952740974,5.086850685905242
0.47677398681053507,5.12606229279009
4.238727242747148,3.561462425068556
4.851394546497489,2.289939823822779
3.293485016540644,3.3901877733839147
4.4390586330066215,2.53421897425572
-5.106699592318461,2.186189695127562
-1.2229428138976814,4.5884334850500235
-3.88520206575311,-0.003302584969710809
1.3522291190247788,5.624622351002246
1.4090364810423912,4.132975501185618
0.47445009840202534,2.745924001058307
3.5041399044817934,4.278999136085973
-4.482983608630512,2.193557677336103
3.8216083969037156,1.7301344679860364
-3.3060138780793666,2.6285938398532283
3.829452935219201,3.8493919612000904
0.29939658115815415,4.689162458075571
3.3903038980864917,1.4264967868908882
-7.33329143030186,-0.28893534692106204
0.02653252342981549,3.4639921731427594
-5.651292178986893,1.666623285883841
-4.066782152928343,2.8787800969482826
-4.216772229559698,3.6746353526276385
-5.887301554632282,3.6335970563525675
-4.4837306767524066,1.135782205555948
-4.182278923586747,1.3433257724724632
1.7847710111630097,2.431977929682705
1.5514244685077512,2.8282645907841766
1.5723101293628643,2.4914176707319524
-5.262713696013786,1.4617368422873138
-6.045808962080953,2.05049284317516
1.044535263278056,2.349346318276325
3.370767346139384,2.3696900892116064
-0.39819465089786177,4.222852448605413
2.708449538490731,2.8906335057095864
-1.8850264752313373,4.18299165813118
-5.405085323022095,2.301621067299615
2.598325313039134,3.5889896623243964
3.0492348648073886,4.196223229856537
1.687249587472059,2.2647493262389182
3.8214956313817576,2.7489449166227446
5.765404781272039,4.179544906770686
3.7610736114306773,3.143122767144294
1.215622039388757,5.858558159060369
-4.995875661792186,2.596434009256889
2.08368216676011,2.461713787872168
-4.008563294854291,1.6210334094949714
2.9980166782744777,2.6841321711084336
0.4717365856189589,5.42454432558232
2.7448741853749627,2.919835645331846
3.3833384861229336,3.2781477258111744
-4.569197010149607,2.7574689494551485
3.7155877088192772,4.354181174269764
3.476095609409934,3.6215111640865048
-0.5162889231130274,4.8647302655469336
2.7604626211041263,3.00488957180519
4.65118670420821,3.0374815801401938
-4.590773264728932,3.384775100208557
-4.813315792708992,0.9811118495975492
2.050745006481704,3.7013224059334564
2.7477311193484586,1.9984408107541942
0.840127867006695,3.7068103773326437
-4.424500557884101,1.9141485191037393
4.3135378860911935,3.5850810179745154
0.005808067329370226,2.6346808751345288
0.6204851014820267,3.0876595450575373
4.485827388755698,4.815565519973468
0.9127490836047949,2.823069868992876
4.056909447060609,2.6084273328136005
5.258168960375272,2.0241020420100746
1.2634795416755167,3.244159000177214
1.238844526658029,1.6338753734539684
-5.987875342691096,1.3323268152893952
-6.6730714199481795,-1.060278578303222
3.2116408914977077,4.543402811270321
-0.6749082748616013,4.829367965092766
2.766281377381688,3.1956337878620227
-5.105135431859528,0.7950430815648983
-5.070224306715362,0.49950942379067276
-5.266044008726336,1.619651986217558
-4.401099879246143,2.2521843413499836
5.4501822734040735,2.9199665432527677
1.60543529020378,3.796977973862556
4.952346165938946,3.2974468934952568
4.478931543344645,2.9547703912957326
4.52172421359457,3.140453784061146
-4.791843891778271,0.9731168913942735
3.446205595978378,5.101822850399711
-3.239229372477057,2.9183648757589475
0.41650508515335727,2.321766700577388
0.22366093112768848,3.7501736851284013
3.4001198947509916,4.525412174006562
4.507512278468208,1.6656113031983533
-4.225453582787445,2.6607720788515747
-4.622860600967139,1.3147490335510996
3.158137238759329,2.4554162063841654
1.9955090544547418,3.5563416433035657
-3.06945785015413,0.8245639013232011
-3.579639993362216,1.3536043883905553
-5.559610263213943,2.498776457515519
-3.9783197703772624,1.4610327699890626
1.557947683103404,4.8082430572259485
3.501148629923969,4.157593509081216
3.2410004483355,1.708803099525809
-5.502090655857221,2.7379280898944893
-4.941111507873468,3.130390291960176
-0.09615752063706806,4.898873642969683
4.81979770069737,3.9343380993818626
-4.59291760424926,3.1934900379780684
-4.727462407841825,0.8632633880450085
-5.66745684973223,2.888281808643008
0.6134006020163015,3.0255746683220446
0.9780690926825004,5.064621180930728
1.0249306457312857,4.727435207580912
3.4745723021845905,3.3422318865012866
3.3094416916635274,3.0160053872985464
4.592357321108631,1.8449652565572852
-4.1674583400299765,1.727628717104207
4.445112306075391,4.63444162146604
1.8052861650747178,2.3757564213243474
-3.5796791116858957,2.3880143318590084
4.662737390292605,2.137291377570017
0.9966495482300732,5.0879624471321385
3.4838459624095774,4.695592493358713
-5.190224819042334,0.5653644327925849
4.614142659533411,5.399684973657979
3.6900391154090744,3.6266896748335387
3.48354505891579,1.0687986141995998
-3.6711723228100137,0.9817463404800075
1.1165596104581808,3.884577488454681
-7.132751955402702,2.580992721046012
1.3122087134854714,5.452123637603366
3.573902371937334,1.652976859313976
0.5204806700721083,3.5862125914620124
-4.637281919827385,2.4757247218901055
2.775122696148183,3.269224063696758
0.837113210089125,5.544769831984488
-4.343370433809535,2.8269841499604595
4.338094988984612,3.6759167932967443
5.049600567519313,3.9499172476723876
-4.626565974219243,-0.5461221376763845
-4.23119446222002,1.306750410355162
-4.2409974733798395,2.905609417131894
-4.1061527733472705,4.580874287861292
0.8783335933078225,3.8758817896281372
3.3211216958175505,3.6551897039279435
-4.311572158355876,2.742140959563541
-3.5668456824547228,1.6763393227787655
0.7663619946930731,4.153121932743642
3.044075284586973,4.18091540009228
4.480801820482639,2.9700143298921033
3.8799164678280773,2.96335338028061
-4.225552849497767,1.3034434147796508
-4.337113868767501,2.8002985118829136
5.388961050028939,2.61238434446261
4.050091114323108,0.8840671016106731
4.179558362521385,2.9484492515221743
-0.08090797360530866,3.494686367811386
1.6856027638459121,5.378528872349735
2.682314408044866,3.78271845181712
-3.1882488851819675,0.8966597696014267
4.680959565105706,2.3557075321852636
-5.379919372123618,2.502733060427567
1.8481493561303601,4.5342593630991095
-4.260796129613003,3.045872822201114
-5.239246557554959,1.6521827505418778
2.731351889345677,3.8013308223619102
-5.6575887783921255,2.190527905661195
-3.8954101428030463,0.25944973495205415
6.592752027150936,4.7311637714018575
-4.849386269561726,1.0834802546380549
6.249719392993902,1.8833415720618396
3.735570975206358,3.136765348381978
-4.9758269300922215,3.330989399913115
-3.659000362981412,2.233224262655229
-4.091989165071236,1.0941597054707788
1.7018594097540953,4.2822930777865755
3.466660114870494,3.8775741707420317
-4.247061536491139,2.733674175010301
-5.526514881116667,3.019287109603945
0.10723317800888854,2.906214876363469
0.049764067583581095,3.3043906762939366
-3.181573646545063,2.315940989438851
-5.123722927277461,0.3508763871902667
2.8467106664680055,2.646392835063601
2.6445940724799484,3.2199331121036376
1.7960891723020085,3.5148867224580096
-4.634688148418317,-0.8697471396374743
2.295799179073357,2.3673399379710496
0.4037753246131047,3.8549347993964793
-0.16407460413731734,3.0249783887296946
1.2490044554243067,3.4830330791380693
1.1064761096701328,2.884691770426853
0.23200703978281956,5.176202035341695
-0.9883108098381093,4.447073139851237
-0.6226698130833981,5.291105109951936
4.570331308755137,4.082678159260259
-4.4020865121593316,1.049124487938597
-4.7616706118229875,-0.20927974183287112
3.211570902867176,4.058877457108668
0.22656423382480484,4.147969076433234
3.732098845636407,2.9681368737039957
-4.581570425303552,1.128656209162728
-4.78211548398336,2.623302819909147
4.04492777887463,2.6291194258903117
-6.183711587582008,0.38728857530521665
3.580171097783003,5.39798870789309
-0.1674431324400678,2.9176810587238093
3.536898481192406,1.3320455639515658
-4.068237061719159,2.1178682859622873
1.7128772711036215,3.7538053874781547
3.492165115135963,3.0513912797578966
1.7243020754704939,3.438755013279722
-4.847523333705732,1.0016826945180242
-1.02940007915915,4.42256421540098
5.944910697015191,4.7907985969100935
1.2876230604477708,3.608138834274551
-5.729977903539035,2.3881970058072763
5.247257993523013,3.377629436415039
-5.656626154949846,1.1971969611006514
4.628634709521674,3.933641022715003
4.369122526871967,3.1852702099532295
-0.2896539416238171,5.061089656758672
4.4762299031786,2.353409130486683
0.5345433694038177,4.900542738101795
4.411448413167821,2.2141620942024085
0.39077485180108357,5.158308147904455
1.927833748045689,3.81120398003747
0.3492287633174217,5.1028961349304165
-2.9303213611868015,0.6979367849793598
-4.581453345686765,2.9687862092093313
-5.600507383423245,2.8933417529013767
3.0768507421924776,3.144248903022741
-4.945542028211473,5.270410474686734
4.008890954395035,2.739895698734409
4.2551035892159055,1.4048566105290343
-0.5576425296479881,3.665868368869128
-5.869293805200835,2.3595722791618052
-5.076774375453954,3.1251205103870063
-4.593969637734926,0.961716192783036
4.024928334189003,2.9146839087674032
4.85787306299863,2.9414777862445454
-5.323352220006271,0.3797813326622639
1.9324166903859192,4.383505704725894
5.61208063173177,3.7334425160598976
-3.5849639842606766,1.890404107862958
1.3184760039311607,3.2884067052964645
4.696340642127332,4.319971085639195
0.8343828969205757,2.5170311035227275
-3.318555237487508,2.3687268947542375
-3.9685284512816716,0.9443980531729361
1.3805673427066645,4.6179950322185555
-5.6565340283705225,0.1327102377680358
1.6869772496487212,3.9645863401097645
3.9688328319671644,2.67042674585506
0.5480070825904001,4.905499267453108
2.6597140267772645,3.590134732077337
0.2543706734331679,2.8997741426345476
-3.644883858880738,2.9102597331732603
2.338085799994576,2.930048983813238
-5.158790188028247,1.2923711435038039
1.5277381766767952,4.464540240007966
2.7936364276388646,2.5161993677125407
5.31012686112661,1.4578669937255582
2.9134804795214944,2.3957314760820827
3.334685333625052,3.118234315946978
0.03912097424667027,2.828962599030104
-0.6613564020929146,4.981217756745669
1.0826262238955104,5.2346813512974695
4.3373842574241825,5.77408155466679
4.8175016964909405,3.179225878749915
-4.739345358416457,4.709200740871362
3.04907121286749,3.718931785619699
-4.785453836941745,1.8078414516195096
2.001440270009282,5.309915487227756
0.6472649702593339,3.7217643174617274
2.7863958638311876,4.929807741040667
3.931782933986853,3.5686933495403554
3.004343446121032,2.3261605545518087
-5.465028349532095,4.339711209775782
3.534223423237473,2.586649305827653
-6.324629264236539,1.4870648425725903
0.712661909531458,0.7874344898689172
0.9681272808381057,1.4617830028057264
2.0506422163433573,3.916222385946238
-0.004185143843960515,2.872557795640752
0.2907440868076224,3.8195949808279224
0.6187668369652923,4.1170870261271775
4.082668351010692,2.2457433929799153
1.528342094422579,4.570354491672395
-4.127475332467768,2.1157340792441626
1.4479476147315733,3.2007434499459335
-4.047127493933673,0.920787725266088
-3.9295083116195713,1.764137623456113
1.2555144805485972,4.636964055184869
-0.0773785755937152,3.643472592173013
0.542817406220818,4.298108063513912
-4.955377746343926,1.7088751930290926
2.4873006503937716,3.8234754483693973
3.2255067516028686,4.4358513560411925
0.9731492912117268,3.782227075083904
-3.8850615051801434,2.1650786164643048
5.465266005797809,3.1779214919511447
-1.0805842319023125,2.1250990357513575
-4.467067123050775,-0.10596068503231315
-5.261981132738508,2.5627649035251747
3.054437349107813,3.0755307600159116
-3.451711486710776,0.8282213849596851
1.3844048508819338,4.383551747988981
1.8515972922635844,3.8438841730833913
3.657539163982561,3.313706965598039
5.772037172571764,3.329832659703484
5.633488751572773,2.900274911769823
-4.611300080064572,0.40555689460184285
5.2299492048107865,3.5618435776351802
1.0247750880589939,5.411982041293918
1.1768943815212345,3.5648682725684657
2.46288492366264,4.243710527946115
4.34869143101538,5.145144961798235
-4.3131310108893555,3.3761661147831
-4.285600983488554,1.9280107156597326
-3.8428274214981935,2.040415341915191
-4.6805724745492086,2.6831349459961804
2.836740111456173,3.585561862402402
1.3902969728422518,3.073650237743122
2.148134009207661,5.052245808214886
-0.06870999925267318,4.835136630204405
1.074365462083148,3.1323035442321405
5.320090867894315,3.1320759243298237
0.6009791385488126,5.003424133381709
-5.204744441504193,1.946883048058126
-3.776276612391618,-0.1498215998962027
0.9061139643043309,4.44378842447323
2.4551735537109742,2.1556574764294885
3.899673069494455,1.8571008479843052
-3.4219064774235344,1.8393269172721558
0.516250566681874,4.47390752418344
3.394331834130183,4.644105966458987
-3.4017328995163867,2.6858488726109364
3.2135993822375126,3.1039128227879504
3.80440491312332,4.140114424296344
4.028551778175409,4.296867314462455
4.839895919107293,3.0441534343003553
4.1497234755970736,2.2626268485246417
5.293184875585653,2.2985837961502513
2.0378106931824496,4.7170933505550785
-4.282582983625766,2.605423067368582
1.8237375148113122,4.856959815132022
3.030449324283836,1.981859671142508
-0.36126911476220935,5.244425853479329
-3.546608152413488,1.49881031270102
4.438044027840603,0.9833254537963696
-6.074371530585937,2.834991120641394
1.2450114682367068,2.9617193089264333
-4.435737102302803,2.879543627866458
-4.897680879862352,3.245173323914141
-4.143570825368896,3.1308376757032526
0.7772505590897768,4.102953877241605
-4.378955876203808,3.3275661027539094
-4.097742129781121,3.8479412691218715
1.4691685357791848,5.536420059727444
0.8511819050031678,4.612150355319596
0.8966766506673509,3.9764929964340068
-6.167664759859867,1.8702071471769146
3.208339009474402,1.7299969656895122
4.267951894437636,3.4140487418245598
-0.7345912018054959,3.1251726764679963
3.5014113902812474,3.9013316121306167
-4.960457941486229,0.6500723235172137
-4.176205711257216,0.9328581250179728
-0.4424458432273013,1.6907391114369466
2.1186009379332997,4.817525925939265
-5.6151056976403995,-0.2482304116047973
2.370895823303461,3.638078789460823
0.8336796834328722,4.09524390825673
-0.8817280850158633,4.98443280676578
-4.233759505730742,1.7477274041814073
0.6805094537553464,3.4426469594332625
1.9341999278082833,3.8836659925786345
3.715165668319822,2.4830169068338996
-0.5763784103320038,3.10155588018741
-3.714377955817837,1.8505554474007193
-4.372631850347288,1.1616413878435623
2.1211081465817587,4.468527760052113
1.0020302187116417,4.391162375938885
3.0993957163401147,3.321717127941648
-6.31040478745367,1.3184211046587833
-3.9114222565715013,2.1436772567214692
4.2071468860167265,3.5922136401404794
3.35179277336109,4.412218463513048
-3.2264502351891657,2.3733737051963
-1.6304726969275962,3.559865464174233
1.4912258128672184,3.899909525423821
1.3731486007561196,4.980845868171767
5.093504752931507,2.3867169631771405
4.084072498415545,4.778844074258454
-4.930012045979721,2.454383450980402
-3.6480925152723627,1.3740797309539992
-0.016999486436825584,4.712339456903137
-3.5919752064880788,2.5231777541831755
1.3873677227129708,3.716877428754354
-4.07693404965422,2.576227518233046
-0.748193507345343,2.161881470989817
1.5131945747476676,2.5511457313694104
1.9767413621151435,3.64359349246138
1.64309410649411,2.3302935333276906
2.5231108505926008,2.8771248117278807
-4.677259099960306,2.9384205713994254
0.615734259812013,2.936544177094757
2.027839802803265,4.504193477939351
-5.201122484498663,0.711203540111629
0.0526152405382907,4.0911848823951695
-0.18732410579132952,4.86785466668461
2.8474968107232073,3.711014526130198
-3.9950427867772715,2.3184067190349236
-5.685834868557801,0.8210039219331116
0.8085965840661647,3.9636208407799107
1.3907511621351205,3.054357996765197
-2.997463546746748,2.6491215422082686
3.4300662918464426,5.117618477086531
-3.876850679061153,1.6807760270247911
4.815098284717188,2.443070051474357
0.8665289761513871,5.103583385177877
-6.326948920025272,3.300028917393493
1.4948975166053382,4.238717966187667
2.294811189385561,1.967546161070669
4.162037502496452,2.772044322818951
2.0526721627033724,2.8014373846799936
2.342076935141253,2.917016934795969
-0.17486098924562987,4.531412212126221
-5.321417545334302,2.0820083527719233
0.3418772481320945,4.568270024410625
1.3596245165942216,3.2619467833532614
0.37311651202593554,3.481921517092945
-1.9860997554009798,-0.025530049241473618
0.7660538271029533,3.630490203487695
-3.9308912107410947,3.046212096845463
-4.422841351867903,2.3925008896817794
2.8913033794879963,1.5291503246790377
3.220233296139613,5.095201036941569
0.27899999271320797,5.521865639970574
-4.162559611808786,3.1220668590292506
-4.942641981402938,1.8610124869492544
-4.141171907382109,2.6566933332256895
-5.221685744969134,2.1143952678140847
1.972152823654177,4.0140634126650925
2.7441631458951123,3.6819068043069096
-3.832830256229222,1.4673158597237388
-6.109089881116072,1.070836926215717
4.458640859836062,2.914276317559972
3.1749754555076644,3.252942426947892
3.9123238877626547,2.4368746371358907
4.410576358429291,3.911107422273526
-4.017588954919963,-0.2805316658452863
4.875967325379532,2.7280113199442373
-5.643895101019183,2.261454595587806
-5.388176497645199,1.8637858343108284
1.2405034668177348,2.3842261605417034
1.791064696708503,5.423658873635991
-4.547319288703604,1.641094423722854
0.7530038920981108,3.9527978368697134
0.7726380357730979,5.897767930119343
-4.297915282792686,2.7972323077710683
4.89160161998076,3.389623713940491
4.450152214571964,2.4876693216295767
-3.9499243443541334,0.3595446045448749
4.62196066860815,2.5028053831689157
0.1695224540647009,5.420220287834785
-3.9277345567352064,3.1689407912790926
-3.5171129148038167,0.9710471949445829
2.940763195020236,3.137231486167532
-2.582886981086147,2.232665599706038
0.37924263776339295,5.353876382596038
-5.534098875109934,1.0398355252348646
-5.419990349151095,1.3066537566902676
-3.2552416674416307,1.4132519634421572
2.980231925432401,3.3791321412983555
3.526397915024012,3.5906647369240954
0.8969616707579594,4.881797489207939
1.168954628685021,5.6128287778678505
0.4766341796209508,3.2142060882908856
-5.241354489079314,5.290808126288788
6.613718255735222,0.8637360468704252
-5.302701691663296,1.0806371982682816
4.6341385170448595,2.3242197637683493
-5.760243816122096,1.624720635524476
3.073882819913694,3.541743886646124
-5.6602153424373345,1.5437984521355255
0.60996983501877,3.2288051574582077
3.2362907374193455,3.629816721505981
0.5436194477648416,5.265879762246316
-5.040363745767257,1.9079502000445017
3.8216522488970166,2.6720504625192563
0.9984582632843463,3.9297453622772776
2.4048945007144455,3.7816020737154012
-5.8096016743140915,0.01949617847358609
4.172229281501862,1.4059523321710905
3.2121834662598063,3.423081715377737
-5.818308879723594,1.1793151244479108
1.5347535672815433,4.001922758766397
0.509400139858021,2.9377199325855763
3.8121287175515848,2.5671596192615285
-6.046626594071191,2.28626134865096
2.4786048659777995,6.04619463635214
-4.951687766937485,0.25223346056093443
3.0007503702175926,4.222132148472329
2.21612870104661,5.227904565595834
-4.345815420890496,0.6691259217045864
0.07634714165656287,3.694534357689009
-3.0709982451443674,4.252286794793996
-0.4392737471693937,3.4177877079965846
4.374366966643877,3.8614617801467945
4.133873618352216,2.675363606826611
1.3747452468005525,1.272772031568183
2.158287849449949,4.323598609883123
0.575559720652268,5.689420046016925
-4.414000020477975,3.2970404457126863
0.47686835711792946,4.931271444431675
-0.8660524872880384,2.4324266623643656
1.0771915838908541,4.08029178080536
1.033887197494831,5.207080216954855
4.928253782155595,3.9015520713596166
4.8369883760250705,1.4122114701721349
4.299809934366024,4.297300692972306
4.332613480527998,1.985251016739955
0.5842701067502336,4.942841459682587
3.974298591209973,4.372336247435005
-0.053629947308189485,2.3641470610099224
-1.1871854888218158,5.31067981216953
-5.439056644343906,3.8422913501428795
0.1687638972445199,4.300658872085406
0.061187419145262156,3.45293634936494
3.78515584811522,3.2848070335273856
-5.22398189971173,2.5756753232267577
-4.389672753534279,2.394668408617568
-4.944673150116772,1.2111570312288755
-3.7388595447780455,1.9193435546737667
5.378612981310135,2.4683403073176744
-3.655445242081152,1.6799816521806465
2.572828561139661,5.882143989360767
-8.444957216119109,2.165119673738714
1.0304902443368598,3.9408435010153786
3.568206451684067,2.6768089177579264
0.17318450761236326,5.391276759044137
1.0718211741895123,5.40995031928304
3.0276332280154388,2.5456007734106594
3.0298487303804196,4.3841413410346135
0.439662178580303,4.416863759317472
-5.426572547294741,2.197539564326305
3.6086310788365767,4.459101997180245
-4.7120448486319,0.28566631146634913
1.5187161771944928,2.3677076667656882
0.030287473077971416,4.35984748175355
2.983450752104779,3.992906938876742
2.0867051873181994,3.7015001526491265
-4.560431378158092,2.4989447066276336
2.7099703235180916,2.640176118897503
-6.533932656741267,1.7722271886942216
-4.022757856350644,3.376164482361016
4.190758728255929,2.988062359872295
0.6616468884097605,5.480535435587053
1.0100863635029365,1.9101885564388645
-4.365759015982906,2.1926009015779813
-3.1961891388465267,2.905842786125632
2.9704047095651815,2.4631019650348907
1.31933250779189,5.3349262941421545
0.7589920708709075,4.1963068491841415
-0.1904982042182739,5.468817201748387
-5.460490422638795,1.6178639841385885
3.3924744965300206,1.7722616262168778
0.9282666911314243,3.531400364392816
3.5023213790835466,3.3183965802056976
4.289027853470495,4.359078414529912
-0.6332029549323372,3.417375971703679
1.1438369450039318,4.759128737743978
4.4592440438896235,2.318134748199156
-3.3073911073719255,0.17314009308552825
3.123590343288298,4.345183723371527
1.1708671611088635,3.506927936037263
4.295493460186362,3.8597924820475753
3.161262877634232,5.542298333444578
-0.6276733044588976,4.522792873752817
1.8207773606288202,2.998656236975484
-0.6887606227734304,4.963117375491528
-5.761629630898378,2.698098217700025
0.9692692954762052,3.870493768585905
-0.4592693288917826,3.665881437933936
1.0788565592464818,4.503893397181293
-5.230527314773131,2.9299651846368278
4.505257269692439,2.7448493001246876
4.355710512237367,4.216912365947611
3.663610623359549,1.185538006757582
-1.059958280283373,4.318571989080936
1.469471405138997,2.992756179938971
-5.686677657681714,2.348253089365962
3.6122982900048974,2.7897022483514524
-4.346132374257396,2.6194804962455236
2.0001447641605843,3.6686731643156665
0.2486066424718767,3.617610597946025
3.9689136425221787,5.5793475257945015
5.432395790211033,3.533085512749202
5.992659385108141,3.61500924575962
4.498796973106602,1.630937282102574
1.2194343591697887,4.086200058448493
-3.834641649157411,3.2471572388026844
3.8531145135544755,3.956053298613649
-5.44077878335236,2.3191350397406323
-5.42443946088938,3.101820093415907
4.298905890468984,2.432538263082937
-5.051675336067726,1.6281762640302226
-0.2957201640273377,3.513591447895169
-5.624852170887961,2.2946866332852256
-6.048187531599277,1.0029494835697745
0.20994508854928418,3.0792998274782315
1.8465818787664106,2.3196833499895484
1.0193191355089741,2.924271373135097
4.198938482597804,4.0519711494470165
4.440796527351129,4.223102889422544
3.242955587091791,2.9277990049222202
3.7132910388216906,3.5330531219554904
1.2047690206883859,3.483726397185299
-4.507895147075966,2.7964431950800344
-0.14027472088476522,4.449415249767505
4.265286920903123,3.4594652320788306
5.065162533470529,4.129505368821114
-4.588569679029831,3.226755607265547
1.234879562100021,4.765844511286346
0.6965067409770489,6.169478412094241
4.460259197503679,3.048782845978934
-0.8363818091881772,3.842170570408765
